,0,1,2,3,4,5,6,7,8,9,10,11
0,98.29185750636132,77.97862595419848,3818.0,55.0,57.0,1.0363636363636364,215.0,83.8789689313759,85.4028678729942,84.31000341413451,88.90850119494708,0.0
1,68.43806831431071,68.73352407833794,225.7,47.857142857142854,50.357142857142854,1.064611833046699,216.92857142857142,67.66946778711484,90.04761904761905,62.40056022408964,67.79131652661066,0.0
2,67.88586259720044,68.5795535772853,225.7,48.0,50.214285714285715,1.0593035084181464,213.85714285714286,75.6677115987461,104.28526645768027,68.57680250783699,77.77586206896555,0.0
3,132.20481131085106,138.9431788177291,1049.0,69.66666666666667,78.66666666666667,1.1460673434634348,570.8333333333334,70.0862973760933,83.50262390670554,66.81807580174927,76.66413994169096,0.0
4,132.19494122276274,139.08038213282603,1049.0,68.83333333333333,77.33333333333333,1.1425263347544672,575.5,70.0862973760933,83.50262390670554,66.81807580174927,76.66413994169096,0.0
5,149.06290692585011,158.44904484691565,1342.0,77.0,87.2,1.1710316017053606,671.2,57.641981132075465,56.886320754716984,58.14858490566038,68.21084905660378,0.0
6,131.25725275112447,161.91991535453795,1018.6,45.333333333333336,56.5,1.3629265415229306,563.3333333333334,66.06011045029737,70.73237043330501,65.67502124044181,70.12914188615123,0.0
7,95.58802617157382,97.42649270744384,1930.3,50.333333333333336,55.833333333333336,1.1068275817089972,329.3333333333333,39.15122767857144,41.90345982142856,39.18861607142856,42.62779017857144,0.0
8,77.20342433471967,79.66758099124402,1923.8,58.42857142857143,61.0,1.0434775361810102,170.85714285714286,52.62458908612756,56.329717291255754,52.2343852728468,59.64266929651546,0.0
9,77.17423966642363,79.64434936446325,1899.6,58.42857142857143,61.0,1.0434775361810102,170.57142857142858,52.63050624589086,56.33563445101907,52.24030243261012,59.64858645627875,0.0
10,143.94012721831584,179.30388035159982,1429.4,119.16666666666667,126.16666666666667,1.0788715409552967,399.3333333333333,62.629772629772624,60.81896181896182,63.42042042042042,72.95452595452595,0.0
11,128.2040497440264,164.34271643785235,553.4,82.16666666666667,94.33333333333333,1.153537554428855,298.8333333333333,71.54596622889306,73.79487179487181,72.05128205128206,72.40275171982489,0.0
12,145.7627981629612,185.0128484486641,2011.0,105.0,117.4,1.1061669232596822,364.6,75.13229859571322,78.60051736881005,75.25979305247598,79.42830746489282,0.0
13,145.52053230998408,189.7099311224387,553.4,95.2,108.0,1.1641618252377752,326.4,75.13229859571322,78.60051736881005,75.25979305247598,79.42830746489282,0.0
14,112.64785877487732,122.00792303687629,330.6,85.14285714285714,90.42857142857143,1.071631224075281,350.7142857142857,55.94,59.01384615384615,55.82615384615384,58.6476923076923,0.0
15,112.26465988507327,121.71477695810738,330.6,85.0,90.42857142857143,1.0748748403623754,347.0,55.94,59.01384615384615,55.82615384615384,58.6476923076923,0.0
16,160.24600295315116,171.56438644268525,2185.5,118.75,126.25,1.0687622309197653,538.0,69.69372225745086,70.96385542168674,70.1718452758402,76.08814204185161,0.0
17,0.0,0.0,0.0,0.0,0.0,0.0,0.0,0.0,0.0,0.0,0.0,0.0
18,96.15910429134979,98.2524977746498,3854.6,85.0,89.0,1.0479823611432997,268.5,59.89993880048959,64.50489596083231,59.42931456548347,63.73531211750306,0.0
19,88.52406196551104,85.82823200721234,655.1,64.8,68.4,1.05471561149614,203.8,45.506497725795974,48.69558154645874,45.18680961663418,49.493502274204026,0.0
20,88.52790726683246,85.72942502138109,655.1,64.6,68.0,1.0537946344378384,204.8,45.506497725795974,48.69558154645874,45.18680961663418,49.493502274204026,0.0
21,88.77884357269586,85.95520806845533,655.1,64.8,68.6,1.0575847763347763,204.4,45.506497725795974,48.69558154645874,45.18680961663418,49.493502274204026,0.0
22,63.286936569230356,63.30386990695932,494.3,41.42857142857143,44.142857142857146,1.0847728990586132,188.28571428571428,43.77023809523809,47.151190476190486,43.8154761904762,46.23690476190477,0.0
23,62.02268070901018,62.43943664076907,494.3,52.714285714285715,55.0,1.0473840973840973,145.28571428571428,43.77023809523809,47.151190476190486,43.8154761904762,46.23690476190477,0.0
24,147.13977876457108,159.10689398627443,1780.1,104.8,114.4,1.094448912555769,382.8,81.59604743083004,95.84584980237155,78.43873517786561,85.88458498023715,0.0
25,147.1403943094916,159.11526448369563,1780.1,104.8,115.0,1.1014256567418157,383.6,81.59604743083004,95.84584980237155,78.43873517786561,85.88458498023715,0.0
26,40.47318445751422,44.88120236277888,671.1,38.25,39.0,1.020372826407309,85.5,46.08531746031746,51.03968253968254,45.93849206349206,47.07142857142857,0.0
27,65.94956089359358,70.16355675409193,717.9,54.0,56.25,1.0444444444444445,169.5,41.21645021645022,45.06406926406926,41.01904761904762,45.32727272727273,0.0
28,158.31538062653746,166.73230893225264,2524.4,102.0,125.66666666666667,1.1753911069113052,532.3333333333334,53.17780612244898,56.79336734693877,53.128571428571426,56.410714285714285,0.0
29,76.65284358430603,84.40020205971574,1094.1,61.888888888888886,64.0,1.0432117875487052,194.66666666666666,53.49110671936758,56.21294466403162,53.82559288537549,55.128952569169954,0.0
30,76.04968454790371,85.00032141715934,1326.8,67.625,70.875,1.05999497586921,180.0,52.26131322094056,54.96095829636203,52.45252883762201,55.187222715173036,0.0
31,51.57882065854187,53.77030422282236,23.8,32.2,34.6,1.0629422190712514,157.2,1.2292626728110598,1.403225806451613,1.228110599078341,1.2880184331797235,0.0
32,111.37340226693283,129.04941442115626,742.6,86.75,92.75,1.0630888449218014,301.0,62.64685908319185,64.44567062818336,63.32342954159593,63.65280135823429,0.0
33,92.5649890946458,105.08515050171377,590.6,67.33333333333333,69.66666666666667,1.040350600688162,251.66666666666666,42.84928229665071,45.14992025518341,42.77192982456141,46.8708133971292,0.0
34,92.84923984609976,105.39470033376156,590.6,67.44444444444444,69.88888888888889,1.0410051840988954,251.55555555555554,42.84928229665071,45.14992025518341,42.77192982456141,46.8708133971292,0.0
35,92.8200579270478,105.35037154928237,590.6,67.55555555555556,69.88888888888889,1.0402626963281056,251.22222222222223,42.84928229665071,45.14992025518341,42.77192982456141,46.8708133971292,0.0
36,90.4038337829969,101.37875663841508,590.6,65.22222222222223,67.33333333333333,1.037268869167612,226.77777777777777,59.22819472616633,59.41987829614605,60.12576064908722,63.44827586206897,0.0
37,51.20764075503833,56.72058453999934,433.3,46.0,47.75,1.0297285149226898,109.75,45.967901234567904,47.32962962962963,46.401234567901234,49.282716049382714,0.0
38,50.99787206870511,57.66756298528287,433.3,45.5,47.75,1.03491932526586,108.25,45.967901234567904,47.32962962962963,46.401234567901234,49.282716049382714,0.0
39,110.8885154845492,117.98182665930518,760.1,91.25,94.25,1.0452001610079957,272.75,50.85702614379085,53.79575163398693,51.09477124183007,52.95424836601307,0.0
40,110.39724222326333,117.53992236041897,760.1,91.875,94.875,1.0444241908399838,271.625,50.85702614379085,53.79575163398693,51.09477124183007,52.95424836601307,0.0
41,110.33812900683661,117.26097640058029,760.1,91.0,94.125,1.0457281654275097,272.0,50.85702614379085,53.79575163398693,51.09477124183007,52.95424836601307,0.0
42,110.44767579051899,117.54758931891136,760.1,91.0,94.125,1.0457281654275097,273.0,50.85702614379085,53.79575163398693,51.09477124183007,52.95424836601307,0.0
43,66.8102725438983,66.67164801415066,403.5,42.333333333333336,44.0,1.0480983671843884,189.5,49.37095141700405,51.204959514170035,49.77378542510122,51.88208502024292,0.0
44,49.08220938627225,48.58837086289404,712.4,38.333333333333336,39.666666666666664,1.036999068505356,108.16666666666667,54.877923976608194,57.80994152046784,54.896198830409354,58.187134502923975,0.0
45,95.45378395422892,110.73131954809881,853.7,85.2,88.0,1.05293729816004,217.4,59.845000000000006,62.95142857142857,59.81857142857143,63.82285714285715,0.0
46,95.25563221009686,110.45497668976671,853.7,85.2,88.0,1.05293729816004,217.2,59.845000000000006,62.95142857142857,59.81857142857143,63.82285714285715,0.0
47,95.23446414898824,110.45625261547676,853.7,84.8,87.8,1.0538094271080123,217.2,59.845000000000006,62.95142857142857,59.81857142857143,63.82285714285715,0.0
48,70.12443888635885,84.0487269444375,516.4,45.714285714285715,48.285714285714285,1.068292051689375,164.85714285714286,58.504377104377106,59.41616161616162,59.0,61.513131313131325,0.0
49,39.49861694444032,40.08171457930122,647.5,33.166666666666664,35.666666666666664,1.078164428164428,87.5,52.73853989813244,54.73684210526316,53.344651952461795,53.16808149405772,0.0
50,0.0,0.0,0.0,0.0,0.0,0.0,0.0,0.0,0.0,0.0,0.0,1.0
51,72.6038389779847,72.96633449109768,654.6,54.25,57.25,1.0722361305971377,195.25,66.32021604938272,67.59413580246914,67.13117283950618,65.39043209876543,1.0
52,76.32752564187554,72.93114671946344,2382.2,39.75,45.0,1.1488197848662964,241.25,57.58578431372549,60.35472370766488,57.819964349376114,58.58377896613191,1.0
53,122.67621053816049,138.88045710877893,22.8,85.0,90.0,1.5921511977850005,291.0,73.08851674641149,75.80143540669856,73.2822966507177,76.13636363636364,1.0
54,91.14803979491495,81.15348543328705,326.6,61.25,62.75,1.0445568400770715,209.5,74.06521739130434,77.80267558528428,73.81939799331104,75.59866220735786,1.0
55,66.21249828871639,68.64042589028624,60.7,57.333333333333336,59.666666666666664,1.0577476786925517,231.0,68.95867768595042,71.93388429752066,69.0578512396694,71.40495867768595,1.0
56,183.46499112248938,221.84026334429836,1472.5,101.8,117.0,1.3831553700919474,487.8,67.61300555114988,71.8917525773196,67.50753370340999,66.09992069785885,1.0
57,102.9120334846993,108.81039612286612,473.5,80.18181818181819,83.0,1.0436757264957937,320.6363636363636,38.58392857142858,39.51666666666666,38.61785714285714,41.48452380952381,1.0
58,97.37198148980715,96.42085899799193,1051.4,78.4,83.2,1.04982406526472,250.8,45.538011695906434,46.68245614035088,46.21812865497076,48.3280701754386,1.0
59,103.64604166837077,101.95170914656573,496.4,72.4,75.8,1.0434222071085248,472.2,55.70303527481542,56.93519278096801,55.980311730927,58.698113207547166,1.0
60,151.96815366764076,157.26063918599442,1992.8,143.0,145.0,1.01635593220339,427.0,68.32878151260505,72.25910364145658,68.39495798319328,70.5672268907563,1.0
61,100.0580312045009,108.73995438569787,260.2,77.4,83.4,1.064457086669476,276.4,61.12287334593573,62.58412098298677,61.65028355387524,61.661625708884685,1.0
62,93.98689461743079,99.47970694316854,503.1,45.0,50.875,1.1127316457183973,537.5,64.0853889943074,65.97153700189754,64.63567362428843,63.45351043643263,1.0
63,96.88607950235749,83.56818372248645,260.2,45.2,51.4,1.1194827026676184,221.4,62.483931947069934,64.34782608695652,63.14555765595463,60.84688090737241,1.0
64,156.11324648616062,160.428570244943,1227.0,150.0,154.0,1.024472289967202,429.0,70.39583333333333,75.06433823529412,70.65134803921569,70.05821078431373,1.0
65,72.02167220050255,73.72321339881331,300.4,63.333333333333336,65.66666666666667,1.0715995200435033,211.33333333333334,73.08571428571429,74.6309523809524,73.98333333333333,71.40476190476191,1.0
66,114.32814682266098,102.46571315625214,57.5,73.33333333333333,82.33333333333333,1.1040762299394895,360.6666666666667,61.21969696969697,64.22727272727273,61.48484848484848,59.04545454545454,1.0
67,45.314038902122284,47.102168652340595,260.2,38.6,41.0,1.068930117501546,101.2,53.376181474480155,56.28922495274103,53.36294896030246,55.136105860113425,1.0
68,35.13810955243821,35.96693386773547,282.6,32.5,34.0,1.0459830866807611,84.5,74.66485507246377,77.26811594202898,75.3623188405797,70.90942028985508,1.0
69,0.0,0.0,0.0,0.0,0.0,0.0,0.0,0.0,0.0,0.0,0.0,1.0
70,306.8280650606107,307.64207073806966,50770.7,276.0,290.0,1.0507246376811594,945.0,78.40286441380127,79.90097650470497,79.32172575013315,77.9486536071492,1.0
71,240.90948456223805,275.5185890442301,17974.0,203.0,212.0,1.0438218390804597,654.5,87.3880860452289,89.08144879573452,88.29505423791139,86.92950910093768,1.0
72,124.97923970893862,140.62924137019235,490.7,77.6,87.8,1.1573358245383696,300.6,68.01679104477611,76.51958955223881,66.5419776119403,68.09421641791045,1.0
73,145.92517851640144,152.34815702631596,925.8,100.85714285714286,104.0,1.0311305397787844,434.7142857142857,57.67665505226479,59.738675958188146,58.04947735191637,61.69825783972125,1.0
74,0.0,0.0,0.0,0.0,0.0,0.0,0.0,0.0,0.0,0.0,0.0,1.0
75,0.0,0.0,0.0,0.0,0.0,0.0,0.0,0.0,0.0,0.0,0.0,1.0
76,60.778307462448616,64.01467840788905,835.8,51.6,53.4,1.039338954056696,136.6,64.0139705882353,82.96764705882353,59.76764705882353,64.33235294117647,1.0
77,58.64937128434085,54.186208416208196,1067.9,39.0,40.6,1.0398172003435162,133.4,72.68955512572533,73.92940038684719,73.0348162475822,75.99323017408123,1.0
78,47.49307368133759,44.341433803574034,451.2,28.0,29.333333333333332,1.049075369075369,116.66666666666667,60.08128078817734,76.35960591133005,56.76847290640395,57.618226600985224,1.0
79,80.55666717158152,79.4792170722296,150.7,47.125,50.625,1.127334334887724,252.625,62.420454545454554,77.10360962566845,59.300133689839576,62.50868983957219,1.0
80,117.06068226224981,131.49541835376897,609.1,93.8,98.2,1.0500068727756353,307.8,76.13975694444444,73.60069444444444,77.93402777777777,76.10416666666667,1.0
81,51.23616913798128,48.326505767056055,391.9,36.666666666666664,39.333333333333336,1.0656209150326796,115.33333333333333,78.27645502645503,80.29100529100529,78.72751322751323,78.35185185185185,1.0
82,44.392811175579745,42.31179172722521,178.1,26.0,26.75,1.0173395445134576,95.5,11.833846153846153,12.493846153846153,12.330769230769231,10.706153846153846,1.0
83,55.16338194844239,61.52355593935904,1110.9,42.5,46.0,1.0828571428571427,121.5,85.1231884057971,91.17132505175984,84.68167701863354,84.61749482401656,1.0
84,258.1050655279074,268.8702673942892,12673.4,196.5,211.0,1.0721144127754194,660.0,62.45767773892774,61.96252185314685,63.44445658508158,63.772982226107224,1.0
85,104.31177606177606,85.09917953667954,4039.1,51.0,52.0,1.0196078431372548,215.0,71.75109745390694,69.28797190517999,73.24553702077846,76.37781679836114,1.0
86,53.630428087465354,50.41700030797659,1.0,25.5,26.5,1.02,110.0,0.13873626373626374,0.19917582417582416,0.12774725274725274,0.11126373626373626,1.0
87,52.738221073270665,44.95497509972181,283.5,25.2,27.2,1.1003253670560498,142.4,65.51025641025642,65.68717948717949,66.3,66.38205128205128,1.0
88,109.27912831478224,98.79161385374363,392.3,39.8,42.2,1.0532344416027282,457.4,76.04389574759945,73.30041152263375,78.20576131687243,74.0246913580247,1.0
89,65.8676716074423,55.533279141081486,457.4,31.333333333333332,33.666666666666664,1.0827467218771565,157.66666666666666,76.95391705069125,77.82373271889401,77.67165898617512,78.92511520737327,1.0
90,45.03535232928085,44.42520072533151,52.7,33.333333333333336,34.333333333333336,1.0268817204301075,113.0,50.895104895104886,47.370629370629366,52.72727272727273,50.11188811188811,1.0
91,84.58026549754307,95.05731601335559,84.0,75.16666666666667,79.66666666666667,1.0545553480336087,229.33333333333334,65.35795454545455,61.045454545454554,67.43181818181819,68.21590909090911,1.0
92,0.0,0.0,0.0,0.0,0.0,0.0,0.0,0.0,0.0,0.0,0.0,1.0
93,42.55525822671399,42.19683848968072,404.9,34.0,35.333333333333336,1.0394197537887544,93.16666666666667,54.357142857142854,50.98714285714286,56.175714285714285,57.90714285714285,1.0
94,21.96282527881041,21.858736059479554,264.0,22.0,23.0,1.0454545454545454,45.0,70.93761814744802,69.74669187145558,72.6578449905482,68.1398865784499,1.0
95,0.0,0.0,0.0,0.0,0.0,0.0,0.0,0.0,0.0,0.0,0.0,1.0
96,46.95055720962893,46.38615477154506,622.1,39.0,41.0,1.0509578544061302,103.33333333333333,62.04147465437788,61.60921658986175,63.07281105990783,65.05622119815668,1.0
97,192.01652626994417,184.62025782160632,3039.5,179.0,183.5,1.0215780296425456,485.5,83.92745535714286,81.17165178571429,85.43147321428572,91.1421875,1.0
98,139.5486699385972,152.98062524770575,260.2,117.33333333333333,124.0,1.064709771632157,319.0,73.56521739130434,75.88090737240076,73.69943289224953,76.82230623818525,1.0
99,70.73519705748043,67.88815372998876,784.3,42.5,45.166666666666664,1.0625755982463299,163.5,65.45765345765346,65.7770007770008,65.57808857808858,76.08313908313909,1.0
100,33.44592392216254,37.226494696430656,455.7,32.666666666666664,34.333333333333336,1.0500311235605355,68.33333333333333,49.12643678160919,51.10089399744572,49.16219667943806,55.40996168582375,2.0
101,134.58699478505187,150.00386395553562,3583.0,95.5,100.83333333333333,1.0535391569424608,351.1666666666667,62.352960102960104,65.41747104247104,62.128861003861005,67.97442084942087,2.0
102,79.68143152813954,78.99204784682706,102.4,47.75,49.25,1.0837585034013606,322.0,33.13194444444444,37.91203703703704,32.032407407407405,34.76851851851852,2.0
103,62.32921571752678,69.88309977321974,503.8,30.666666666666668,33.166666666666664,1.0934100596760443,129.16666666666666,81.34216589861751,112.02361751152075,73.34735023041475,85.99596774193549,2.0
104,59.80500729309494,72.17112277055443,210.3,50.75,56.25,1.1018244996739621,145.75,58.29772727272727,57.44318181818182,58.66136363636364,67.40227272727273,2.0
105,79.07457437886141,76.31203541213344,1171.0,59.857142857142854,64.14285714285714,1.0677514402164543,197.0,62.91384778012685,63.42970401691332,62.896934460887955,74.5776955602537,2.0
106,158.36833125905676,191.31924219593378,568.9,95.71428571428571,105.71428571428571,1.1136000956405352,519.4285714285714,69.92237903225806,73.96471774193549,69.31350806451611,76.29939516129032,2.0
107,103.23066896808484,114.24540790210222,544.5,67.58823529411765,74.76470588235294,1.1360608992973182,338.4117647058824,55.54335585585588,60.15033783783782,54.273085585585584,68.25394144144141,2.0
108,131.40570480698491,140.02202325663757,3245.7,91.18181818181819,97.45454545454545,1.069781564247066,300.45454545454544,68.20543189707985,85.93036552991624,63.1968552174801,80.8362262609761,2.0
109,76.14900248033184,86.32898303347497,68.1,57.857142857142854,62.42857142857143,1.0617523366196049,170.0,54.647435897435905,57.60897435897436,54.37820512820513,57.66025641025641,2.0
110,0.0,0.0,0.0,0.0,0.0,0.0,0.0,0.0,0.0,0.0,0.0,2.0
111,105.54657545375278,109.25305681425641,1056.0,80.875,85.75,1.0765382381421316,301.625,62.041251778093866,59.69748696064484,62.527264106211476,77.01280227596017,2.0
112,107.34799523013943,106.28155401055405,1443.7,80.72727272727273,83.63636363636364,1.0388116182916263,293.54545454545456,61.78353376503239,59.532377428307115,62.64246068455134,73.94125809435708,2.0
113,78.37583244021037,95.73301398538048,1439.7,60.25,63.25,1.0492503259452413,174.25,43.62590799031477,48.14689265536723,42.85310734463277,51.318805488297016,2.0
114,70.05186079540232,72.7594766803578,609.4,50.8,54.6,1.0614272623750045,187.2,43.81723484848485,42.74905303030303,44.660037878787875,51.00473484848485,2.0
115,105.66591062480587,109.59899607346034,1056.0,81.125,85.875,1.0748535129835692,301.75,62.041251778093866,59.69748696064484,62.527264106211476,77.01280227596017,2.0
116,107.0718476063324,106.10531341301466,1443.7,80.63636363636364,83.63636363636364,1.0400699293585498,293.3636363636364,61.78353376503239,59.532377428307115,62.64246068455134,73.94125809435708,2.0
117,87.66531904668652,87.0783898481154,1138.5,56.42857142857143,58.57142857142857,1.041648385533677,221.42857142857142,79.25055555555555,86.26666666666667,78.54444444444447,79.94888888888887,2.0
118,154.64631971104373,188.63918653461695,891.6,82.8,93.4,1.1848641346606499,543.8,70.2,72.86918238993711,70.13836477987421,75.60377358490567,2.0
119,73.67646392309109,75.97972152951237,786.3,54.6,58.4,1.0714091921522262,176.2,66.99306999307,65.71725571725571,68.2993762993763,68.93139293139293,2.0
120,96.20035262353608,101.57165196116112,738.4,67.3,74.3,1.0922030153213187,281.2,67.38705137227305,70.70302603800143,67.72343420126673,65.50246305418717,2.0
121,44.1882264067059,43.54742009977722,677.8,39.666666666666664,41.166666666666664,1.0441713894920335,102.16666666666667,42.92900432900433,44.67705627705629,43.56190476190476,44.41904761904761,2.0
122,70.61446804492445,76.28212534850857,52.7,53.5,55.714285714285715,1.054515460623983,190.78571428571428,4.597683397683397,4.3992277992278,4.740540540540541,4.598455598455599,2.0
123,78.25684830003544,82.7334977606645,640.8,57.714285714285715,63.285714285714285,1.0729353041618372,194.71428571428572,46.58141447368421,47.46463815789474,46.778782894736835,56.20805921052631,2.0
124,71.50758626934622,75.7854506147873,188.1,51.46153846153846,55.69230769230769,1.082927506370482,168.3846153846154,42.33749999999999,42.840625,42.66354166666667,50.684375,2.0
125,143.28247148775893,148.130171122438,2129.1,81.18181818181819,88.45454545454545,1.0854646547479598,612.3636363636364,58.25920910075842,57.58098591549298,58.75054171180932,69.68932827735647,2.0
126,10.304347826086957,9.695652173913043,45.3,5.0,5.0,1.0,22.0,47.22314049586777,45.388429752066116,48.54545454545455,47.239669421487605,2.0
127,47.6990685636893,47.73021404301953,631.2,36.57142857142857,37.42857142857143,1.0218325856912813,112.14285714285714,47.608455882352935,46.84099264705883,48.27113970588236,55.813419117647065,2.0
128,78.37654064641897,83.05389238255894,640.8,57.714285714285715,63.142857142857146,1.0719363031628362,192.57142857142858,46.58141447368421,47.46463815789474,46.778782894736835,56.20805921052631,2.0
129,54.39069238603784,56.524005582380966,152.7,39.07692307692308,41.61538461538461,1.0712169075457258,150.0,44.812554489973834,44.7794245858762,45.71403661726242,50.31386224934612,2.0
130,90.05695234903573,97.57924192852576,125.9,47.2,50.666666666666664,1.0762704015563491,256.0,47.231209150326784,44.610294117647065,48.721405228758165,52.17401960784312,2.0
131,73.38602875086583,73.01512220894307,815.5,57.142857142857146,59.0,1.0359154760333917,185.0,75.9280701754386,106.28947368421052,68.23333333333333,78.85087719298245,2.0
132,69.70008799077739,68.88640728444217,183.5,58.857142857142854,60.57142857142857,1.0289969197964046,168.71428571428572,68.64375340971084,90.52045826513913,63.25368248772504,73.40861974904529,2.0
133,63.154841570189596,60.95140745773539,33.8,40.07142857142857,41.5,1.0317021386103156,172.21428571428572,1.2249602543720193,1.3410174880763113,1.20906200317965,1.6430842607313199,2.0
134,66.23077674453651,65.44236111931612,200.3,43.22222222222222,45.111111111111114,1.0434470317655784,141.11111111111111,67.43790849673202,93.66726084373144,60.70825906120024,71.92751039809865,2.0
135,75.07998651785906,80.32425451973096,401.8,58.8421052631579,61.8421052631579,1.0566104348445844,192.73684210526315,74.394385026738,69.4812834224599,76.75267379679144,77.51069518716578,2.0
136,73.84470463715637,74.16958962738737,829.2,49.0,51.91304347826087,1.0585818652866337,213.52173913043478,47.90042075736324,43.13183730715287,49.92847124824685,53.973352033660596,2.0
137,144.4698856264832,156.17317250152146,1241.3,91.71428571428571,103.85714285714286,1.1377218863360905,600.8571428571429,52.44232475598936,58.26441881100266,50.967169476486255,61.81987577639752,2.0
138,167.055760560421,181.68043078791337,620.5,119.0,125.42857142857143,1.049303923036645,457.42857142857144,53.14157706093191,49.35752688172044,54.834229390681,58.85573476702508,2.0
139,70.6134424710336,73.06217230787911,624.4,48.30769230769231,52.46153846153846,1.0820415011211733,205.53846153846155,49.6087962962963,50.847222222222214,49.69212962962963,57.021990740740755,2.0
140,78.32920906559981,85.700213375055,426.4,58.888888888888886,60.333333333333336,1.0815557528081032,229.55555555555554,55.37330316742082,55.192307692307686,55.96304675716441,63.48793363499247,2.0
141,69.69446049528798,77.58177389917434,625.6,61.3,64.0,1.048210389972653,169.5,44.490530303030305,45.25189393939394,44.92992424242424,50.12689393939394,2.0
142,66.44372976836485,58.51383189620302,922.8,45.625,46.75,1.0246223747224892,153.125,50.548148148148144,50.9074074074074,51.270370370370365,54.64567901234568,2.0
143,120.14156395602812,129.48314920119915,540.0,61.666666666666664,63.666666666666664,1.0250000000000001,425.0,56.0237556561086,61.86085972850679,55.817873303167424,54.03733031674208,2.0
144,46.49611063379298,49.19621770064742,3.0,40.5,41.25,1.0180584918957012,100.25,0.32,0.3536,0.3184,0.3792,2.0
145,65.56970606235959,72.65819578239898,448.3,49.714285714285715,52.142857142857146,1.0413629465522696,155.0,60.92848020434228,64.92848020434228,60.69348659003832,63.47765006385696,2.0
146,139.542938698749,167.24669559911953,1139.3,96.2,113.6,1.1718239330189308,358.4,51.72315789473684,47.235263157894735,54.48473684210526,50.03421052631579,2.0
147,79.88128503685576,79.9430590582498,638.6,45.8,49.1,1.1395426320668858,255.5,49.5028409090909,50.933712121212125,49.941287878787875,53.827651515151516,2.0
148,85.87848423900687,97.4839625898245,624.1,71.125,74.75,1.0561041585254707,225.5,72.89655172413792,68.11442006269591,75.53761755485893,72.71003134796238,2.0
149,116.96773175164356,127.57586514443568,1177.6,92.16666666666667,96.83333333333333,1.0502519584265857,294.8333333333333,68.41182033096926,65.2482269503546,70.42931442080378,69.17635933806146,2.0
150,198.67910748875812,257.638846406876,750.0,144.25,150.5,1.0601742643983112,454.75,30.929279031370392,29.499449642267475,31.876995046780408,30.043753439735827,2.0
151,76.14900248033184,86.32898303347497,68.1,57.857142857142854,62.42857142857143,1.0617523366196049,170.0,54.647435897435905,57.60897435897436,54.37820512820513,57.66025641025641,2.0
152,98.18064443906604,106.97052445314768,3168.0,76.83333333333333,80.66666666666667,1.052821623844883,244.0,55.80228992026171,53.59006338172153,56.82048660805561,65.81496626456759,2.0
153,0.0,0.0,0.0,0.0,0.0,0.0,0.0,0.0,0.0,0.0,0.0,2.0
154,90.62950904053255,95.83791268663072,1421.7,69.85714285714286,73.42857142857143,1.054073464924983,270.57142857142856,50.15186751233262,44.696264975334735,52.03664552501761,58.121212121212125,2.0
155,69.06664079694669,72.93350991607703,735.9,56.18181818181818,58.63636363636363,1.0450879596071745,166.9090909090909,50.54471544715448,55.93200295639319,49.10125646711014,62.34441980783446,2.0
156,65.13992945815608,70.26064037822255,1021.1,54.54545454545455,57.09090909090909,1.0623513145659702,161.1818181818182,55.584586466165426,56.14896616541353,55.85197368421053,65.98731203007517,2.0
157,152.73243863429957,159.44703028417152,1608.1,81.375,88.125,1.0827413247331417,404.625,48.67080909571655,51.03305129561079,47.98281332628239,57.95108408249603,2.0
158,152.3418527354366,158.90881719777607,1608.1,81.25,87.5,1.0739563596981765,405.125,48.67080909571655,51.03305129561079,47.98281332628239,57.95108408249603,2.0
159,101.88256968840662,122.32869184116343,404.6,71.28571428571429,83.42857142857143,1.1011735018454414,274.57142857142856,76.59478021978022,78.0260989010989,76.48489010989012,84.73489010989012,2.0
160,133.5152143365128,164.32224665270675,375.4,107.83333333333333,117.33333333333333,1.0639429728552334,356.0,47.370370370370374,48.3048433048433,47.31339031339031,56.2051282051282,2.0
161,76.17446704345583,88.1300403104221,1060.1,54.8,58.4,1.0696707128333605,168.0,43.74156660949114,46.523156089193826,43.336192109777016,53.287021154945684,2.0
162,122.49195817564062,155.87879309070303,260.8,99.85714285714286,109.42857142857143,1.0957110990312475,347.0,67.45540796963947,67.81593927893738,67.20493358633776,80.38519924098672,2.0
163,159.69232458866648,197.01275421570298,1148.7,87.66666666666667,106.0,1.2125085249474947,556.6666666666666,46.64826388888889,42.80034722222222,48.13368055555555,51.781597222222224,2.0
164,65.38515871575036,70.50364685530047,1021.1,54.54545454545455,57.09090909090909,1.0628211732279196,161.45454545454547,55.584586466165426,56.14896616541353,55.85197368421053,65.98731203007517,2.0
165,180.3691763939525,219.88902580863083,1247.2,108.2,117.0,1.0938163784902915,473.8,63.98954545454545,61.43454545454546,65.63,68.92636363636363,2.0
166,69.74976861484903,62.56280717238014,1148.4,49.42857142857143,51.0,1.0313042831857846,164.57142857142858,57.45357142857143,68.9969387755102,55.11326530612245,59.82959183673471,2.0
167,111.98331784466181,114.43859549410931,1062.3,54.3,58.8,1.0779900531809257,301.1,48.278571428571425,48.966666666666676,48.21071428571429,60.670238095238105,2.0
168,64.3259638197411,71.59635188741025,1490.6,60.25,61.5,1.0252448497129347,148.75,63.177361853832444,63.3716577540107,63.09982174688057,77.82174688057042,2.0
169,122.70228685081723,146.86544675517817,1168.8,88.5,96.83333333333333,1.1167055369211083,248.5,48.14567307692307,49.06538461538462,48.75865384615384,52.370192307692314,2.0
170,100.32410081405041,112.96252013542309,1031.2,78.85714285714286,88.14285714285714,1.0734663756603204,447.85714285714283,67.42464040025015,64.19011882426516,68.07504690431519,83.62726704190119,2.0
171,93.86583975335337,96.12900925908318,365.0,70.7,74.8,1.0605109754879316,242.2,42.23518518518518,43.68271604938273,42.958024691358034,44.23456790123458,2.0
172,78.30927670230345,84.71309588619837,549.3,48.9,52.4,1.0719500073115213,193.1,65.17748917748918,90.45454545454547,59.85281385281384,57.87662337662338,2.0
173,58.68605851704181,64.740154462121,893.3,46.63157894736842,49.78947368421053,1.0624214432428019,140.73684210526315,60.057912457912465,61.57508417508417,60.01144781144783,72.416835016835,2.0
174,78.35054675055072,79.23351694242028,851.2,51.8421052631579,56.36842105263158,1.0776054810487197,235.89473684210526,60.206072351421184,56.947674418604635,61.6828165374677,69.16989664082688,2.0
175,126.4230729426531,122.10446468085381,1590.9,78.0,82.4,1.0635478384448642,424.9,52.9280303030303,47.782196969696976,55.47613636363637,55.19583333333334,2.0
176,54.103249906736984,55.275441698158716,609.5,44.583333333333336,47.166666666666664,1.063559819202636,138.58333333333334,66.97877551020407,93.91428571428571,61.26122448979594,59.150204081632644,2.0
177,131.3561211461128,125.0778057085549,1445.1,80.1,83.6,1.0511711121774454,527.4,53.45192307692308,57.37545787545788,53.73717948717949,53.16025641025641,2.0
178,62.08313674383904,66.47658444945506,1007.5,51.888888888888886,53.77777777777778,1.0385899815576858,140.44444444444446,59.63756613756613,56.70740740740741,61.444973544973536,63.86931216931215,2.0
179,43.06461164414903,41.72420433973527,305.8,38.142857142857146,38.57142857142857,1.0093045112781955,99.0,33.885217391304344,33.820869565217386,34.46086956521739,39.46260869565217,2.0
180,87.4853950439075,80.93042016135435,782.1,65.1,68.6,1.0530178556146539,279.0,47.84801136363637,49.1875,48.0127840909091,55.227272727272734,2.0
181,97.27797434167168,89.26114648968951,798.2,69.72727272727273,72.27272727272727,1.0438363986283639,314.27272727272725,47.84801136363637,49.1875,48.0127840909091,55.22727272727274,2.0
182,87.55149693124858,90.21189884057641,748.6,46.81818181818182,49.18181818181818,1.0465704380613419,154.36363636363637,41.257507507507505,39.93993993993995,41.97747747747747,49.88438438438437,2.0
183,122.37723160747431,126.40847201406075,170.0,71.875,76.625,1.0694471783996193,336.25,58.813941299790365,55.35849056603774,60.40880503144654,63.00419287211741,2.0
184,110.77540475306334,97.21779198987024,2120.8,56.2,59.4,1.08015873015873,240.8,35.03450025367834,36.10502283105023,35.34652460679858,41.049213597158804,2.0
185,107.27019529373857,94.40274837625932,1946.3,64.6,66.8,1.0445092454073208,254.2,45.907407407407405,46.95925925925926,46.233333333333334,55.075555555555546,2.0
186,53.2429043102005,58.69443539833363,56.1,34.5,37.25,1.0667743161094225,116.0,6.21949221949222,5.714168714168714,6.439803439803439,6.482391482391482,2.0
187,63.764059418662214,68.82844776058367,728.9,55.833333333333336,57.833333333333336,1.037774980561719,150.0,63.163609684519436,58.09391049156273,64.9112252384446,72.39178283198827,2.0
188,100.69624080176887,115.60969564814961,603.8,56.4,61.8,1.0801992161318352,512.6,23.962914769030583,25.30383864671438,24.262849707221857,25.71502927781392,2.0
189,55.726233024682806,61.22258387545766,342.9,40.714285714285715,44.0,1.0617416124248422,145.28571428571428,33.89047619047619,31.99206349206349,35.487301587301594,35.86507936507937,2.0
190,65.58706864120963,66.38321187377402,68.1,37.0,39.833333333333336,1.071012826183105,160.33333333333334,59.71451355661882,60.176236044657095,60.10446570972886,63.876395534290275,2.0
191,81.96238824627991,87.60190554610661,647.6,55.111111111111114,58.888888888888886,1.1207843385156628,249.33333333333334,56.76936026936027,49.22222222222222,59.69191919191918,60.92592592592592,2.0
192,105.82610724494249,103.09777022965105,1087.0,61.93333333333333,66.26666666666667,1.0696353382279171,356.3333333333333,49.48170731707318,45.3082039911308,50.87250554323725,61.82815964523283,2.0
193,115.86170045348001,123.97671811079121,549.6,69.0,76.2,1.0930591630591633,263.6,47.68199233716475,51.157088122605366,47.160919540229884,53.58620689655172,2.0
194,53.2429043102005,58.69443539833363,56.1,34.5,37.25,1.0667743161094225,116.0,6.21949221949222,5.714168714168714,6.439803439803439,6.482391482391482,2.0
195,72.02215173788022,72.32419273820096,753.0,43.8,47.2,1.0647485380116959,178.2,77.93548387096774,76.98424606151538,78.68567141785446,85.24681170292573,2.0
196,112.2312903636579,117.40818395480159,716.1,67.33333333333333,76.88888888888889,1.1078774959723903,412.44444444444446,24.424853610930384,25.400780741704615,24.95575797007157,26.39232270657124,2.0
197,72.47262011696512,75.96381779425198,98.8,60.285714285714285,62.142857142857146,1.046103968185565,182.0,68.44674556213018,70.29585798816568,68.5207100591716,74.18343195266273,2.0
198,70.47726952987033,71.61940746386176,68.1,39.4,42.8,1.0647485380116959,167.0,77.93548387096774,76.98424606151538,78.68567141785446,85.24681170292573,2.0
199,72.2709386451674,76.2374441228377,549.0,56.666666666666664,60.0,1.0695345205801192,170.77777777777777,46.0981981981982,48.63603603603604,45.88108108108108,51.315315315315324,2.0
200,92.75242306467364,103.70539890676427,1055.6,79.66666666666667,82.66666666666667,1.043969740071689,238.33333333333334,60.927579365079374,63.42063492063492,60.8154761904762,65.71527777777777,3.0
201,94.66385918672034,112.75463773589664,1370.0,66.4,72.0,1.0868767025699761,295.5,73.19909274193549,77.19556451612904,71.43044354838709,94.44254032258063,3.0
202,54.0968576766558,57.21881834344604,216.9,29.5,31.25,1.0714912280701754,116.0,45.621067031463745,49.23461012311901,44.10738714090287,59.665526675786595,3.0
203,109.64256266646254,115.8223129151361,20.9,63.81818181818182,73.72727272727273,1.133699479561043,355.6363636363636,69.63088803088804,68.21621621621622,70.37220077220078,77.66177606177608,3.0
204,124.7075951292976,137.07581837947674,721.4,96.2,100.0,1.0565515041051907,348.2,91.50825825825825,102.1584084084084,89.82657657657657,90.65390390390391,3.0
205,83.38494237036517,92.14990057107596,237.1,57.095238095238095,61.285714285714285,1.0788026903583106,233.0952380952381,71.22232645403376,72.93902439024393,69.95966228893056,93.0234521575985,3.0
206,60.03336167088111,64.46221980529165,544.9,47.916666666666664,50.25,1.0695087851373033,171.75,63.24137931034485,65.03940886699506,63.10443349753697,70.81280788177341,3.0
207,88.29287799367329,101.01245116705232,723.8,64.625,66.375,1.0312072297808739,284.125,74.2696864111498,77.85993031358885,73.76933797909408,80.4397212543554,3.0
208,100.47389058710102,106.87640746693062,3677.2,75.33333333333333,80.66666666666667,1.0692956314597069,252.83333333333334,72.08314393939393,71.17878787878787,72.43939393939394,85.98674242424242,3.0
209,75.00826880591983,78.41274470975479,41.2,46.285714285714285,49.42857142857143,1.0956274678952258,177.21428571428572,40.14227642276422,37.27073170731707,41.19105691056911,49.64146341463414,3.0
210,90.77865294498842,95.85187259288047,1421.7,69.85714285714286,73.42857142857143,1.054073464924983,270.42857142857144,50.15186751233262,44.696264975334735,52.03664552501761,58.121212121212125,3.0
211,66.14981398259144,71.78032548878443,435.3,48.1,51.05,1.1057963607643797,180.7,51.86023166023166,52.752123552123535,51.9907335907336,59.156756756756764,3.0
212,157.1290706183681,187.64306622758872,10593.1,152.0,155.0,1.019736842105263,377.0,73.12758491038977,76.32710866023311,72.86138613861387,80.14300037598697,3.0
213,161.3887250650477,190.05134431916738,11180.2,154.0,157.0,1.0194805194805194,387.0,74.08287259615385,77.33365384615385,73.87067307692308,81.16923076923077,3.0
214,52.93330082786494,52.95083788916569,267.9,43.166666666666664,45.0,1.0436342829814853,126.16666666666667,55.605357142857144,57.06428571428571,55.92857142857144,59.13571428571429,3.0
215,149.09280010465176,183.32548453924127,1106.9,108.4,123.0,1.110710513439182,407.4,43.40769230769231,45.88846153846154,43.16538461538462,46.55,3.0
216,139.23056439219056,143.2473990732654,3956.0,101.2,108.6,1.0638089925309562,374.2,50.2854770531401,51.14462560386473,49.929951690821255,64.300422705314,3.0
217,128.27122285059045,157.66878330376338,1278.6,98.88888888888889,106.0,1.0737101754656935,380.0,50.18537414965987,60.545918367346935,47.49829931972789,58.464285714285715,3.0
218,142.00268973573105,155.31926336228594,1170.1,84.625,91.0,1.0713514158313175,391.125,55.2387706855792,51.37982663514578,56.72655634357762,61.15602836879431,3.0
219,103.71953807250364,113.24417909498497,3351.0,79.0,83.4,1.0522874219207528,318.4,77.02465931213497,69.53233830845771,79.99913476097773,83.97707116590958,3.0
220,172.04222019001344,194.27145989853904,2129.1,109.0,117.28571428571429,1.1162407298135826,528.7142857142857,89.26756066411238,88.72647935291614,89.93805874840358,99.71328224776502,3.0
221,163.7348772044278,185.23880793050452,2129.1,105.75,114.5,1.1325150057883107,493.75,89.26756066411238,88.72647935291614,89.93805874840358,99.71328224776502,3.0
222,63.13796204034704,66.25004494555493,724.8,49.42857142857143,51.785714285714285,1.0591443745432179,161.92857142857142,70.70824524312899,70.24171952078929,70.6138125440451,84.02889358703314,3.0
223,67.74733412274789,74.39821192995504,445.5,59.5,61.333333333333336,1.022189217469538,179.83333333333334,37.056650246305416,36.89039408866995,37.76724137931034,42.10960591133005,3.0
224,53.12089140703578,61.140624073388366,574.8,43.1,46.1,1.0728221057270702,107.6,39.83948155533399,40.74875373878365,40.47956131605184,45.05383848454636,3.0
225,76.79765524251744,76.45346800262172,940.5,65.25,66.25,1.016819955406912,185.0,62.522955523672884,64.04949784791965,62.9103299856528,68.54878048780488,3.0
226,108.67638383564149,121.65755995555378,702.0,58.9,65.6,1.097654314797565,440.0,42.32741312741313,37.06563706563707,44.16216216216217,51.283397683397666,3.0
227,50.27941037776951,52.73393496545487,586.2,43.53333333333333,45.4,1.0508728013954882,116.93333333333334,42.16098484848486,43.683712121212125,42.22159090909089,49.20454545454546,3.0
228,75.55753826058499,81.31143657535134,165.3,59.0,61.142857142857146,1.0574455640198976,234.28571428571428,79.58730158730158,84.4920634920635,78.45238095238095,90.0079365079365,3.0
229,85.57159500578489,94.61644332361935,490.6,71.83333333333333,77.5,1.0752829800899757,196.5,59.54320987654321,64.29012345679013,58.34362139917696,68.2880658436214,3.0
230,110.91110840482679,132.57227891712182,788.1,86.375,92.75,1.055081013796027,495.0,58.422222222222224,55.600854700854704,59.54615384615385,69.40085470085468,3.0
231,59.77908500521778,62.57318325052913,568.7,46.53846153846154,48.76923076923077,1.049142267790082,142.57692307692307,52.0340073529412,51.61488970588236,52.41636029411764,62.07628676470586,3.0
232,57.531682501485015,60.99016951286644,361.6,44.714285714285715,47.142857142857146,1.0754103602960425,177.14285714285714,53.790633608815426,57.86501377410468,53.31955922865013,58.071625344352626,3.0
233,80.4941391285143,84.40804155061399,1406.5,61.857142857142854,65.14285714285714,1.0519531563827544,193.0,45.19342105263157,49.07368421052632,44.27280701754386,56.44210526315789,3.0
234,109.74241380944748,115.9213724836613,20.9,65.36363636363636,74.0909090909091,1.1229296187911826,355.0,69.63088803088804,68.21621621621622,70.37220077220078,77.66177606177608,3.0
235,75.2965545867346,88.67377973301797,34.3,25.0,30.0,1.1760934155466611,413.6666666666667,37.53679653679654,42.13419913419914,36.298701298701296,43.90909090909091,3.0
236,45.95950069664895,45.53829960709024,84.0,33.88235294117647,35.411764705882355,1.0479858267783964,92.41176470588235,47.881250000000016,44.609375,49.36145833333332,56.76979166666669,3.0
237,74.4135894843158,77.61089069296949,1.0,50.575,54.875,1.084304148979135,241.2,92.41993281075023,120.10526315789473,85.48936170212758,95.75363941769318,3.0
238,97.07004372599938,110.22016730229542,187.9,83.14285714285714,90.28571428571429,1.0857025292804396,332.85714285714283,47.76049382716049,51.44197530864198,46.661728395061736,58.004938271604935,3.0
239,125.18853612084982,158.68907556270946,752.1,93.5,111.25,1.2331658086208137,397.625,56.34772036474164,55.02370820668693,56.91185410334346,68.39027355623101,3.0
240,220.05978054523925,296.34923119280614,419.6,120.0,137.0,1.1283470841969738,589.0,73.33333333333333,71.02809706257982,74.7675606641124,77.06896551724138,3.0
241,49.72963603831641,52.41883600798206,153.5,39.18181818181818,41.0,1.0452779730124917,116.18181818181819,41.72944849115505,44.32882414151925,41.73569198751301,46.47450572320498,3.0
242,58.3328006081407,59.77352969277911,59.7,37.857142857142854,39.42857142857143,1.056082475479348,128.42857142857142,6.555004135649297,7.010752688172042,6.531017369727047,6.4665012406947895,3.0
243,141.58181013707966,121.27094621790214,3694.7,88.66666666666667,90.66666666666667,1.0248043465959789,343.6666666666667,60.59238754325259,60.4401384083045,61.390173010380614,63.98754325259515,3.0
244,139.8536360950233,118.93650357313625,3005.4,82.66666666666667,85.0,1.028566210045662,333.0,54.49197860962567,55.05949197860963,55.07453208556151,57.773729946524064,3.0
245,91.36036882069702,96.84279619190447,586.0,68.0,71.6,1.0564944123024724,258.8,77.78987068965517,86.03556034482759,76.41918103448276,80.45797413793103,3.0
246,70.860552933828,77.19787723940885,847.6,59.833333333333336,62.5,1.0516993196315627,170.0,57.15322580645161,59.68475073313783,57.15835777126099,62.16275659824047,3.0
247,105.18359677164958,113.2732647458504,3800.4,90.57142857142857,92.57142857142857,1.0215068618910437,289.0,76.47133497133497,73.08579033579032,78.82821457821457,78.97235872235872,3.0
248,75.97130887968925,73.3882680279509,1253.4,50.375,52.5625,1.0517656413966827,176.0625,70.47272727272728,69.710101010101,71.98686868686868,73.19292929292928,3.0
249,103.32241081315381,100.64849558201051,869.3,52.888888888888886,55.27777777777778,1.0529787496590801,346.5,57.35523255813952,54.12034883720932,59.897093023255806,54.44011627906979,3.0
250,90.04324673600276,95.91444476991228,909.5,70.0,72.66666666666667,1.0539784735007844,214.33333333333334,57.936046511627914,59.39302325581395,58.7453488372093,56.64883720930232,3.0
251,72.11196039721257,74.99813791137076,393.2,66.0,67.85714285714286,1.0338261884733135,173.57142857142858,71.64672364672366,90.15811965811965,67.58547008547009,69.95868945868948,3.0
252,71.97607969647048,74.71751754912091,393.2,66.0,68.0,1.0352655197082863,173.57142857142858,71.64672364672366,90.15811965811965,67.58547008547009,69.95868945868948,3.0
253,92.65738781631266,90.22600826556672,4453.3,82.8,84.0,1.0155285705563508,239.6,83.05587567661952,81.83865898376114,84.08311506897154,92.45992666317444,3.0
254,108.2630698527909,124.52618290634591,505.8,75.83333333333333,80.5,1.0508430372273332,293.0,42.79044117647059,36.9889705882353,44.88014705882353,46.49485294117647,3.0
255,98.81377279427284,97.47671065405498,1105.7,65.7,69.2,1.051583675344822,312.4,54.755102040816325,59.29499072356215,54.82003710575138,55.6969696969697,3.0
256,81.16207643293022,81.76211249261219,66.0,51.0,55.833333333333336,1.173211924362484,181.16666666666666,4.114700065919578,5.137112722478576,3.905735003295979,4.182597231377719,3.0
257,120.13490791417729,130.97434507813085,872.2,104.875,110.75,1.0493985086580846,383.0,59.51436388508892,66.15047879616964,58.56908344733243,63.564979480164155,3.0
258,95.50224301387102,99.92355803935638,1690.9,67.54545454545455,71.27272727272727,1.0634621525744834,250.36363636363637,64.72061191626408,58.18518518518519,66.07890499194846,84.15056360708535,3.0
259,64.34581604293186,68.81390556273553,644.6,51.81818181818182,54.0,1.0454958971001078,166.77272727272728,57.24193548387097,59.946869070208756,57.26565464895635,62.79127134724856,3.0
260,55.99079064345183,56.3079447642814,944.3,49.5,50.75,1.0266901943691356,134.875,61.64342105263159,62.93881578947368,61.85592105263158,69.4296052631579,3.0
261,67.66215779777903,73.19566186327222,832.4,60.3,62.5,1.0384617749565448,155.4,55.06477732793523,54.4689608636977,56.15452091767882,58.601214574898776,3.0
262,105.43164311501076,113.60106994837919,187.7,47.25,49.9375,1.0578834405070314,394.25,71.19800235017625,66.62162162162164,72.78965922444183,84.07403055229142,3.0
263,90.21063366177069,95.26119868151348,2081.7,71.2,74.2,1.039096867529966,202.2,83.35775724753105,118.6218540936604,74.71041733035999,80.1707550175215,3.0
264,72.8467353488809,78.57388500497015,883.6,57.54545454545455,60.36363636363637,1.052356048337363,171.36363636363637,53.01989730423622,70.06290115532735,49.29653401797175,52.178433889602054,3.0
265,102.03296016747838,100.91841756527371,163.4,87.33333333333333,88.66666666666667,1.0385689354275742,403.0,41.029017857142854,39.91294642857143,41.734375,45.082589285714285,3.0
266,103.19500129627409,119.193006181007,885.2,69.92857142857143,78.21428571428571,1.0993304906691772,356.42857142857144,69.1219512195122,89.06867779204109,64.39602053915277,69.66688061617458,3.0
267,101.10844618466942,119.17154930817699,885.2,76.6923076923077,82.46153846153847,1.083828041916655,322.46153846153845,69.1219512195122,89.06867779204109,64.39602053915277,69.66688061617458,3.0
268,48.070139365253176,47.738867362801784,384.7,30.0,31.6,1.067489197891295,98.6,44.00489795918367,41.758367346938776,45.02367346938775,47.23755102040816,3.0
269,77.91426846660363,83.15569734489007,1685.2,64.33333333333333,67.83333333333333,1.0467328169807968,181.83333333333334,47.408735795454554,50.583451704545446,47.34978693181818,51.70348011363637,3.0
270,81.3826046234117,92.12253370119136,119.7,63.09090909090909,68.36363636363636,1.102479748773485,191.8181818181818,39.39603283173734,40.785909712722294,38.79138166894665,51.2783857729138,3.0
271,95.59162287710683,116.23589342520066,1147.5,75.66666666666667,79.33333333333333,1.0576791295489176,207.22222222222223,45.50714285714286,48.32295918367346,45.28928571428571,52.27908163265306,3.0
272,64.3259638197411,71.59635188741025,1490.6,60.25,61.5,1.0252448497129347,148.75,63.177361853832444,63.3716577540107,63.09982174688057,77.82174688057042,3.0
273,78.06611720839263,84.46411350976696,771.9,60.857142857142854,63.857142857142854,1.0594354643773343,177.42857142857142,45.75317460317461,47.401587301587305,45.65238095238095,55.376190476190466,3.0
274,103.16388499346326,119.16737172261894,885.2,70.14285714285714,78.21428571428571,1.0978243326504142,355.5,69.1219512195122,89.06867779204109,64.39602053915277,69.66688061617458,3.0
275,86.53064398342501,95.4048483524177,1213.9,71.57142857142857,76.71428571428571,1.0884177686863263,219.0,65.86997635933807,67.54294720252166,65.65090622537433,75.79747832939323,3.0
276,125.81454503969137,137.77096007366117,786.5,83.375,92.125,1.119960341184523,430.75,61.95368782161234,62.63236134934248,61.71983990851915,75.31961120640368,3.0
277,116.29067998347846,138.8089425547206,1057.8,108.4,114.0,1.033025316576307,295.2,44.66419294990724,45.58008658008658,44.91960420531849,53.18305504019791,3.0
278,124.37092704112729,137.888954534225,752.0,86.85714285714286,97.57142857142857,1.1354794581506127,372.14285714285717,67.97724039829303,65.1443812233286,69.11024182076814,75.72617354196302,3.0
279,147.66769449004863,173.39424834796102,1462.8,89.6,101.4,1.1297473998329308,343.6,60.13085559427022,57.927603561749905,61.40495547812621,65.65505226480836,3.0
280,59.362297415695394,60.72116638304177,100.2,44.55555555555556,46.333333333333336,1.0533301053860022,132.77777777777777,54.0873511060692,53.066364152013605,54.80544526375496,58.65456608054454,3.0
281,74.69988251408117,82.57325598506462,492.5,51.083333333333336,53.916666666666664,1.0629097804406917,184.75,68.54740608228981,82.45617173524148,65.4567680381634,70.61717352415029,3.0
282,77.65159861840007,84.00816223651466,1906.6,67.0,69.125,1.03241357722007,186.875,45.52165570175438,45.28728070175438,45.81359649122806,54.45120614035089,3.0
283,98.02011668244127,106.65493025820255,3192.2,76.83333333333333,80.66666666666667,1.052821623844883,244.16666666666666,55.81414843590267,53.557145777959526,56.85217746882028,65.875690042936,3.0
284,96.05092108530255,94.23665946979587,171.0,40.666666666666664,44.833333333333336,1.1002354167571557,597.3333333333334,11.220394736842104,9.21546052631579,11.845942982456139,12.71546052631579,3.0
285,66.84899292729695,82.89469525166942,218.0,48.666666666666664,56.0,1.1554266770701107,165.16666666666666,46.93260188087774,39.266457680250774,49.16614420062695,54.36677115987461,3.0
286,69.74739525927012,78.25000492462713,668.4,49.2,53.6,1.0765097455640231,170.7,73.50163398692811,101.31944444444444,66.55800653594771,72.67728758169936,3.0
287,0.0,0.0,0.0,0.0,0.0,0.0,0.0,0.0,0.0,0.0,0.0,3.0
288,81.26613261838682,80.60734686366789,927.5,44.526315789473685,48.8421052631579,1.1098568184774598,331.7368421052632,66.32425249169434,94.59136212624588,59.82059800664454,61.622591362126265,3.0
289,129.7328796324508,120.47543654407312,338.8,57.0,59.625,1.0691446336706352,418.125,60.42857142857144,58.13669950738916,61.22536945812807,70.69827586206897,3.0
290,85.4312424070641,104.18406249951249,392.2,62.0,69.0,1.1946962277488593,272.6,40.979395604395606,42.300824175824175,40.23489010989011,55.54807692307692,3.0
291,85.39359045244706,104.21305789792218,392.2,61.8,68.8,1.1947987567987568,272.4,40.979395604395606,42.300824175824175,40.23489010989011,55.54807692307692,3.0
292,99.0455838769244,111.40103290798932,1010.1,68.61538461538461,74.38461538461539,1.0918214150162249,286.53846153846155,42.16535087719298,42.04298245614036,42.82719298245615,48.73157894736842,3.0
293,99.04394020425067,111.31884646669306,1010.1,68.6923076923077,74.38461538461539,1.0909583229890374,286.61538461538464,42.16535087719298,42.04298245614036,42.82719298245615,48.73157894736842,3.0
294,34.86548707284756,31.44908621088022,294.4,28.0,29.0,1.0363565529063425,73.66666666666667,67.13368055555556,63.06597222222222,68.48611111111111,75.80902777777777,3.0
295,87.99362756371626,87.02687678713907,1025.9,58.642857142857146,61.42857142857143,1.0499181620462106,235.21428571428572,36.11936936936935,36.105292792792795,36.946509009009,40.49042792792794,3.0
296,74.25084574471703,80.23285513048779,547.7,43.73684210526316,47.0,1.104263255139073,212.0,39.42249240121579,38.8243161094225,39.70091185410334,49.52583586626142,3.0
297,103.29656807334077,114.76080377452611,1807.5,67.66666666666667,71.93333333333334,1.0813405231530682,304.53333333333336,48.79537671232878,48.93921232876711,48.92437214611871,58.22916666666665,3.0
298,94.80846084621925,99.10838676562402,1069.0,60.666666666666664,67.16666666666667,1.0935962522591416,331.1666666666667,65.65405405405407,64.36702702702702,66.82,70.37675675675676,3.0
299,90.64444443939858,95.86321849143552,1421.7,69.85714285714286,73.42857142857143,1.054073464924983,270.57142857142856,50.15186751233262,44.696264975334735,52.03664552501761,58.121212121212125,3.0
300,76.62641053258515,78.71783371709823,1494.5,46.666666666666664,49.833333333333336,1.091134729343055,283.6666666666667,67.5155303030303,65.00643939393939,67.65946969696971,87.91098484848486,4.0
301,76.62641053258515,78.71783371709823,1494.5,46.666666666666664,49.833333333333336,1.091134729343055,283.6666666666667,67.5155303030303,65.00643939393939,67.65946969696971,87.91098484848486,4.0
302,76.627287046087,78.55228828484695,1494.5,47.0,50.0,1.0888855165675266,283.6666666666667,67.5155303030303,65.00643939393939,67.65946969696971,87.91098484848486,4.0
303,76.62641053258515,78.71783371709823,1494.5,46.666666666666664,49.833333333333336,1.091134729343055,283.6666666666667,67.5155303030303,65.00643939393939,67.65946969696971,87.91098484848486,4.0
304,76.62641053258515,78.71783371709823,1494.5,46.666666666666664,49.833333333333336,1.091134729343055,283.6666666666667,67.5155303030303,65.00643939393939,67.65946969696971,87.91098484848486,4.0
305,76.62641053258515,78.71783371709823,1494.5,46.666666666666664,49.833333333333336,1.091134729343055,283.6666666666667,67.5155303030303,65.00643939393939,67.65946969696971,87.91098484848486,4.0
306,76.62641053258515,78.71783371709823,1494.5,46.666666666666664,49.833333333333336,1.091134729343055,283.6666666666667,67.5155303030303,65.00643939393939,67.65946969696971,87.91098484848486,4.0
307,76.62641053258515,78.71783371709823,1494.5,46.666666666666664,49.833333333333336,1.091134729343055,283.6666666666667,67.5155303030303,65.00643939393939,67.65946969696971,87.91098484848486,4.0
308,76.62641053258515,78.71783371709823,1494.5,46.666666666666664,49.833333333333336,1.091134729343055,283.6666666666667,67.5155303030303,65.00643939393939,67.65946969696971,87.91098484848486,4.0
309,99.21015749356482,103.38672057497294,2870.1,73.25,78.5,1.0794001663260424,246.5,61.13943001443001,61.75252525252525,60.17784992784993,80.57503607503608,4.0
310,69.14333870908092,72.72103689689435,87.6,49.57142857142857,53.142857142857146,1.0663610288622576,170.14285714285714,26.58169934640523,28.359477124183005,25.70588235294118,34.59477124183007,4.0
311,99.20468205772676,103.39258225865538,2870.1,73.25,78.5,1.0794001663260424,246.5,61.13943001443001,61.75252525252525,60.17784992784993,80.57503607503608,4.0
312,99.19092843743616,103.40583062188193,2870.1,73.25,78.5,1.0794001663260424,245.75,61.13943001443001,61.75252525252525,60.17784992784993,80.57503607503608,4.0
313,122.38257691236579,142.75329750904783,87.5,85.85714285714286,91.14285714285714,1.052492449247692,308.7142857142857,58.377272727272725,68.47272727272728,55.300000000000004,68.84545454545456,4.0
314,122.38101942662774,142.74787378037067,87.5,86.28571428571429,91.28571428571429,1.0501501461645675,308.85714285714283,58.377272727272725,68.47272727272728,55.300000000000004,68.84545454545456,4.0
315,50.40996398559424,53.93937575030012,1639.2,51.0,51.0,1.0,145.0,42.92156862745098,43.747611865258925,43.81699346405229,48.76621417797888,4.0
316,144.13941869156028,150.08165698073492,1284.7,84.5,92.0,1.0671834625322998,910.0,54.63561076604555,53.56832298136646,55.214285714285715,66.18737060041408,4.0
317,89.74766115097684,87.43537862498141,1131.3,57.0,59.0,1.0307174416158216,225.0,71.61764705882354,88.04015837104072,67.07635746606334,83.20644796380091,4.0
318,92.64853004307744,103.75828174696309,329.4,72.4,76.2,1.0551940427221327,213.8,44.29326923076923,44.00801282051282,44.0400641025641,58.82532051282051,4.0
319,27.36950904392765,26.96640826873385,380.5,26.0,27.0,1.0384615384615385,54.0,69.48290598290598,68.11253561253561,69.53418803418803,84.41737891737891,4.0
320,0.0,0.0,0.0,0.0,0.0,0.0,0.0,0.0,0.0,0.0,0.0,4.0
321,0.0,0.0,0.0,0.0,0.0,0.0,0.0,0.0,0.0,0.0,0.0,4.0
322,0.0,0.0,0.0,0.0,0.0,0.0,0.0,0.0,0.0,0.0,0.0,4.0
323,48.85500575373993,58.554660529344076,847.7,44.0,47.0,1.0681818181818181,94.0,71.60817307692308,69.3661858974359,72.74599358974359,81.31169871794872,4.0
324,47.52187287795858,50.412171075767155,375.9,43.142857142857146,44.285714285714285,1.042019955850601,112.0,29.8422619047619,30.363095238095237,30.050595238095237,38.25595238095237,4.0
325,70.95761315717981,77.57021363373448,1003.1,61.666666666666664,65.5,1.0629157085481722,183.33333333333334,54.55490196078431,52.64836601307189,55.96078431372549,60.73071895424837,4.0
326,71.00964826760523,78.54263870132138,851.5,60.05263157894737,63.36842105263158,1.0623550160657396,170.05263157894737,54.486522024983536,49.1413543721236,55.19263642340568,75.47271531886916,4.0
327,79.71668055729658,83.15408799476135,846.6,51.333333333333336,54.80952380952381,1.0664770590908874,215.61904761904762,43.971071663379355,40.58382642998027,44.61801446416829,60.10913872452331,4.0
328,64.66140001188961,69.5268947257144,895.6,56.22222222222222,59.111111111111114,1.0512496647157705,160.77777777777777,44.1671052631579,45.10657894736841,44.435526315789474,52.613157894736844,4.0
329,59.56945126072857,63.70240528497048,638.4,51.375,54.125,1.0498238417356065,141.25,56.382653061224474,56.45068027210885,55.806122448979586,75.51530612244898,4.0
330,59.453392648697424,63.716446346487075,638.4,51.125,54.125,1.0528823523739044,141.125,56.382653061224474,56.45068027210885,55.806122448979586,75.51530612244898,4.0
331,58.53792274444686,64.20475304062849,983.4,46.916666666666664,49.583333333333336,1.061402856485687,149.0,54.30026455026454,52.61177248677249,55.05224867724868,66.59060846560848,4.0
332,58.60576155353376,64.22269902034986,983.4,46.916666666666664,49.583333333333336,1.061402856485687,149.25,54.30026455026454,52.61177248677249,55.05224867724868,66.59060846560848,4.0
333,60.99033136134141,63.79489830290613,297.9,45.27272727272727,48.09090909090909,1.0675573929976303,140.3181818181818,49.37837837837836,50.62612612612612,49.03828828828829,62.72747747747749,4.0
334,75.81392926142777,92.1283821411107,904.2,68.5,71.7,1.0615041064886266,177.4,47.56319444444444,46.918055555555554,47.50694444444445,63.448611111111106,4.0
335,58.79478051813099,64.5342295011793,849.6,44.44444444444444,50.55555555555556,1.104903319549889,160.66666666666666,49.17313664596274,48.21972049689441,49.90760869565218,58.75077639751554,4.0
336,57.2704104832311,63.61199704980387,683.9,42.785714285714285,46.0,1.071080439951668,146.07142857142858,40.17075163398693,38.90522875816993,40.21895424836601,55.653594771241835,4.0
337,68.96767061007745,68.97549557314757,324.1,44.84615384615385,48.30769230769231,1.074672043260964,195.6153846153846,61.75641025641027,59.236645299145295,62.24305555555555,78.50160256410255,4.0
338,112.73934398632021,115.80507187566211,978.9,77.3076923076923,80.84615384615384,1.0458308492183948,351.9230769230769,60.935714285714305,63.55714285714285,60.12142857142859,77.20119047619049,4.0
339,87.20574227226301,102.3131165813503,1308.4,79.25,83.25,1.0523536516930827,194.5,60.55538461538462,57.53025641025641,61.30871794871795,76.00307692307692,4.0
340,55.463039022143846,58.22392603627333,54.8,42.857142857142854,45.333333333333336,1.0630947789863365,136.76190476190476,46.40285204991086,46.7023172905526,46.20499108734404,61.0,4.0
341,58.51762511766098,59.214856031680696,146.2,47.57142857142857,51.285714285714285,1.0851580208445755,146.42857142857142,25.194852941176467,26.158088235294116,25.253676470588236,34.01838235294117,4.0
342,102.85468823488223,114.87547418321236,666.0,90.16666666666667,94.16666666666667,1.0471988450005782,272.5,40.9329044117647,38.5735294117647,42.047794117647065,49.876838235294116,4.0
343,52.32055923053791,57.14746332883211,102.1,44.833333333333336,47.05555555555556,1.0529614042337307,118.55555555555556,41.80995475113124,40.23680241327301,42.138763197586734,56.046757164404205,4.0
344,150.738844329849,155.6777205769344,2378.4,80.4,88.4,1.102423820859991,700.0,55.15218360071301,51.5086898395722,55.6196524064171,73.05325311942958,4.0
345,151.17871924923347,155.918543460977,2378.4,80.8,88.4,1.0997419147158207,689.6,55.15218360071301,51.5086898395722,55.6196524064171,73.05325311942958,4.0
346,150.00905522848103,155.50618966800005,2378.4,80.6,88.6,1.1027022091383794,677.0,55.15218360071301,51.5086898395722,55.6196524064171,73.05325311942958,4.0
347,109.38354136045616,123.43419231667583,381.5,92.0,95.57142857142857,1.0347452312447023,275.57142857142856,71.10919540229885,74.65660919540231,70.07614942528734,82.52729885057472,4.0
348,109.38913821414808,123.44276333445976,381.5,91.85714285714286,95.57142857142857,1.036405088241638,275.42857142857144,71.10919540229885,74.65660919540231,70.07614942528734,82.52729885057472,4.0
349,109.3792216843489,123.44215028969117,381.5,91.85714285714286,95.57142857142857,1.036405088241638,275.57142857142856,71.10919540229885,74.65660919540231,70.07614942528734,82.52729885057472,4.0
350,107.4221024491038,105.81274760624181,97.7,80.33333333333333,85.16666666666667,1.0673892694235938,310.0,54.69444444444445,58.547619047619044,54.42857142857144,57.8015873015873,5.0
351,135.89725602064922,132.07724044036212,979.9,98.0,102.5,1.0388888888888888,459.0,50.13470066518847,53.560421286031044,50.03381374722838,52.68569844789357,5.0
352,0.0,0.0,0.0,0.0,0.0,0.0,0.0,0.0,0.0,0.0,0.0,5.0
353,0.0,0.0,0.0,0.0,0.0,0.0,0.0,0.0,0.0,0.0,0.0,5.0
354,28.315328832208053,30.643660915228807,166.8,17.5,20.5,1.1583333333333332,69.5,70.23235294117647,76.21764705882353,69.82941176470588,67.6470588235294,5.0
355,0.0,0.0,0.0,0.0,0.0,0.0,0.0,0.0,0.0,0.0,0.0,5.0
356,0.0,0.0,0.0,0.0,0.0,0.0,0.0,0.0,0.0,0.0,0.0,5.0
357,238.20211674009198,259.2391633664481,30024.0,203.5,216.0,1.0643779428183098,623.5,76.92506567948412,78.22936071968792,77.87763713080169,75.75499562136773,5.0
358,25.866666666666667,27.5,325.3,24.0,26.0,1.0833333333333333,50.0,63.16608391608391,74.48601398601399,60.86713286713287,65.32167832167832,5.0
359,82.20998849839734,88.25908343237616,472.4,69.85714285714286,74.0,1.069019549576931,218.28571428571428,57.193548387096776,57.89210233592882,58.0456062291435,57.771968854282534,5.0
360,113.09186709388595,110.69916471012436,308.5,80.6,87.4,1.0707079874935332,420.2,66.86923076923077,69.27538461538461,67.13384615384615,67.32461538461538,5.0
361,70.86206519860247,72.52423940752325,327.6,55.57142857142857,59.857142857142854,1.0599844397493379,222.28571428571428,45.424116424116434,49.38045738045737,44.85446985446986,46.316008316008315,5.0
362,134.1925281344652,144.46403796040693,787.0,105.5,109.25,1.0349620942904525,345.0,48.05811965811966,50.54786324786325,48.67948717948718,48.54957264957265,5.0
363,34.14182968929804,34.56559263521289,469.2,27.0,28.5,1.0610795454545454,75.0,57.90221774193548,58.48185483870968,58.38709677419355,61.185483870967744,5.0
364,16.58823529411765,14.72549019607843,100.0,10.0,11.0,1.1,33.0,61.333333333333336,67.65686274509804,60.745098039215684,61.529411764705884,5.0
365,249.70120309839038,248.94193264846453,35456.0,206.0,211.0,1.0242718446601942,675.0,68.48267343600926,80.99700149925037,65.909772386534,71.02501022216164,5.0
366,0.0,0.0,0.0,0.0,0.0,0.0,0.0,0.0,0.0,0.0,0.0,5.0
367,119.43816939476804,123.33578606616794,900.5,98.75,102.25,1.0454829467524154,326.0,45.43338008415147,47.54558204768583,45.94950911640954,47.26928471248247,5.0
368,94.39404058174739,80.62487193866116,162.5,59.2,62.2,1.0886685043890283,212.6,44.26739926739927,44.92307692307692,44.46153846153846,47.52014652014652,5.0
369,38.9359197845805,36.17455002834467,119.1,30.0,31.0,1.0357142857142856,112.33333333333333,50.25777777777777,47.76888888888889,51.87555555555556,52.47111111111112,5.0
370,92.99056061858472,94.56935324341654,203.4,81.5,83.25,1.0306924522334469,274.25,56.80994152046784,63.78362573099415,55.74269005847953,59.73684210526316,5.0
371,79.26926303945066,77.87706013065741,123.6,51.6,56.2,1.0554545454545454,180.4,31.525,33.733333333333334,31.758333333333333,34.141666666666666,5.0
372,0.0,0.0,0.0,0.0,0.0,0.0,0.0,0.0,0.0,0.0,0.0,5.0
373,70.7183007333698,76.59609695246233,281.4,61.666666666666664,63.166666666666664,1.045297968607711,190.16666666666666,64.66666666666667,66.34895833333333,65.08854166666667,65.5017361111111,5.0
374,0.0,0.0,0.0,0.0,0.0,0.0,0.0,0.0,0.0,0.0,0.0,5.0
375,32.129248831692756,31.228340254811997,281.4,25.666666666666668,27.333333333333332,1.0667887667887668,68.0,71.86979166666667,72.58159722222223,72.52951388888889,73.69618055555556,5.0
376,166.85286832669993,153.20006891791706,2589.6,96.5,101.5,1.203015873015873,694.5,48.01379928315412,56.310752688172045,46.38351254480287,49.973118279569896,5.0
377,42.09689543696913,45.940229861658665,310.1,39.5,41.75,1.0505084977134667,92.25,76.715,80.00333333333333,76.59666666666666,78.63666666666667,5.0
378,197.76454619227013,224.96748106683182,1271.2,181.0,188.0,1.0332196231319037,623.0,74.30160984848484,91.58712121212122,70.76799242424242,70.89015151515152,5.0
379,82.20252125304178,53.50466251668447,88.3,34.333333333333336,35.333333333333336,1.0647212869435092,225.66666666666666,76.93452380952381,76.19642857142857,77.91071428571429,80.94642857142857,5.0
380,59.43085832659423,56.99509803921569,1390.3,40.5,42.5,1.0462372448979593,136.0,72.9826656394453,74.3004622496148,73.29892141756548,76.8482280431433,5.0
381,69.74698511651543,65.47106693945898,694.3,46.0,48.5,1.0552187331341099,189.83333333333334,78.80316742081448,77.61538461538463,80.08748114630468,80.21266968325791,5.0
382,47.65321955003879,46.08688906128782,1266.8,37.0,39.0,1.054054054054054,111.0,72.39703153988869,89.4791280148423,68.84740259740259,69.57374768089053,5.0
383,117.04222875701723,108.98613678081776,724.6,98.75,107.0,1.0600976768370394,443.5,75.15903975993999,81.8582145536384,74.27981995498875,74.65341335333834,5.0
384,126.3478860433878,133.86497476897017,506.6,113.25,120.25,1.0657926982628836,351.25,78.19139784946236,77.81182795698925,79.11505376344086,81.31290322580645,5.0
385,0.0,0.0,0.0,0.0,0.0,0.0,0.0,0.0,0.0,0.0,0.0,5.0
386,0.0,0.0,0.0,0.0,0.0,0.0,0.0,0.0,0.0,0.0,0.0,5.0
387,103.72443110870589,103.13365305056719,294.4,78.42857142857143,82.0,1.049681469530837,278.7142857142857,70.83159722222223,65.16666666666667,73.5763888888889,71.19444444444444,5.0
388,0.0,0.0,0.0,0.0,0.0,0.0,0.0,0.0,0.0,0.0,0.0,5.0
389,0.0,0.0,0.0,0.0,0.0,0.0,0.0,0.0,0.0,0.0,0.0,5.0
390,34.15460861917327,36.1158399296394,282.6,32.666666666666664,34.0,1.0510850921023194,74.33333333333333,58.47644927536232,55.416666666666664,60.14855072463768,60.92028985507246,5.0
391,45.31668696711328,51.14738124238733,805.0,40.0,42.0,1.05,88.0,80.14655172413794,91.608934169279,78.22021943573668,78.54467084639498,5.0
392,47.43460104593053,45.42741257811982,558.5,37.0,37.666666666666664,1.0185676392572944,118.0,73.12394957983193,72.5451680672269,74.125,77.13550420168067,5.0
393,325.728384945212,365.71836112434494,51177.0,283.0,297.0,1.0494699646643109,811.0,84.31210567823344,98.73891955835963,81.3971214511041,86.05995005257624,5.0
394,58.31253898939489,71.81597005614474,1570.6,57.0,60.0,1.0526315789473684,127.0,92.63243243243244,115.32387387387388,87.66351351351351,90.89144144144144,5.0
395,58.927089687506,61.29452102255388,1499.6,46.0,48.75,1.0643620754299778,137.75,62.252450980392155,62.5890522875817,62.67238562091503,70.11846405228758,5.0
396,0.0,0.0,0.0,0.0,0.0,0.0,0.0,0.0,0.0,0.0,0.0,5.0
397,99.8466831591147,112.40668332504167,1026.8,84.0,87.71428571428571,1.0582992123466257,253.71428571428572,77.9561777236762,98.77906269020083,73.61412051125988,75.69202678027999,5.0
398,25.7027027027027,19.72972972972973,214.0,9.0,9.0,1.0,58.0,44.699588477366255,63.34156378600823,40.534979423868315,40.62139917695473,5.0
399,57.38721086456889,60.561742705740855,354.6,52.714285714285715,54.857142857142854,1.0392213315569852,138.14285714285714,41.64592592592593,46.7274074074074,40.07851851851853,53.71111111111111,6.0
400,48.96251689382744,49.28126766686179,157.6,45.0,47.57142857142857,1.070931313028644,114.71428571428571,31.2525,30.302500000000002,31.4075,40.8675,6.0
401,115.93894786929569,142.3536245892528,786.0,92.14285714285714,100.42857142857143,1.0836319381559707,327.2857142857143,77.55378787878787,93.0060606060606,73.43181818181817,85.57424242424244,6.0
402,56.28750119392995,59.880128202502696,170.2,26.833333333333332,29.333333333333332,1.0904768855432991,143.83333333333334,45.035714285714285,45.88235294117647,44.68487394957983,54.37394957983192,6.0
403,122.90674739408108,128.52113782112949,327.6,78.5,83.66666666666667,1.0636556323592452,328.75,60.55830753353973,55.48503611971103,62.30443756449949,68.82146542827658,6.0
404,111.11073896565672,128.49510785960896,1002.3,90.27272727272727,96.45454545454545,1.0576544843932063,290.27272727272725,34.85721062618597,32.87760910815939,35.549335863377614,44.25332068311195,6.0
405,108.12258207014497,98.98636480172969,1036.1,64.5,70.7,1.0811684245934208,295.8,55.27995813710099,50.79748822605966,56.78911564625851,64.55886970172685,6.0
406,131.11881724545017,139.66246728744505,483.3,64.6923076923077,71.84615384615384,1.113463111756479,494.6923076923077,74.53317307692306,76.79951923076922,74.12836538461536,84.39278846153844,6.0
407,124.07536567903819,137.63757059597654,2012.7,93.88888888888889,99.77777777777777,1.066921577284735,334.0,43.917344173441734,44.10189701897019,44.57886178861788,50.33333333333333,6.0
408,92.93308094610369,90.54297119698064,4453.3,82.8,84.0,1.0155285705563508,240.2,83.05587567661952,81.83865898376114,84.08311506897154,92.45992666317444,6.0
409,71.97607969647048,74.71751754912091,393.2,66.0,68.0,1.0352655197082863,173.57142857142858,71.64672364672366,90.15811965811965,67.58547008547009,69.95868945868948,6.0
410,74.84339409238486,79.50458734334302,1440.8,55.25,60.0,1.074143718362111,166.75,69.34269162210339,69.32798573975045,69.65329768270945,80.23351158645276,6.0
411,96.66112815336366,101.46753306942324,2273.2,62.125,66.0,1.0752602619075593,295.625,54.295212765957444,53.32446808510638,54.93498817966905,65.15543735224587,6.0
412,83.4735494880546,102.55631399317406,3439.5,84.0,87.0,1.0357142857142858,199.0,75.10909090909091,78.6828752642706,74.9661733615222,81.66680761099366,6.0
413,71.48906291771642,79.13685124951839,1370.8,59.57142857142857,62.142857142857146,1.044224482034429,177.71428571428572,60.88809523809523,61.134761904761895,61.548095238095236,67.74714285714286,6.0
414,60.31930629292904,53.910022393063215,446.7,44.5,46.0,1.0365184634974534,139.0,63.2775,66.2925,63.25,66.33,6.0
415,124.04271439383092,142.25740568292133,499.4,60.6,66.0,1.1088404183302696,445.3,50.647904940587864,47.72232645403376,52.10381488430268,54.612883051907446,6.0
416,80.08032973365293,76.92796115116617,4.0,42.166666666666664,44.833333333333336,1.0459306874326209,263.0,22.261029411764707,21.404411764705884,22.764705882352942,23.639705882352942,6.0
417,126.01850433894845,136.43236345074018,7681.3,110.0,117.0,1.0636363636363637,295.0,48.81930166607586,46.464019851116625,50.063807160581355,57.43601559730592,6.0
418,134.07533676953292,145.36731549497176,493.8,106.28571428571429,114.0,1.0666745376671307,359.7142857142857,56.21995192307691,52.99399038461537,57.90985576923077,61.06370192307691,6.0
419,42.06815704274974,42.38009316532897,328.0,34.0,36.142857142857146,1.0641755632765766,102.14285714285714,39.5952,39.5776,39.856,48.0704,6.0
420,43.4493290725488,48.336625088630214,11.0,37.142857142857146,39.285714285714285,1.0632158317872604,101.42857142857143,38.51984877126654,39.0,38.25141776937618,50.00189035916825,6.0
421,125.26063236834827,146.20206792991195,561.7,58.375,69.75,1.495528227001922,370.375,68.59107142857142,67.13928571428572,69.41785714285714,74.91428571428571,6.0
422,76.30423523506238,85.9410194205391,563.6,64.71428571428571,68.14285714285714,1.0658674004538666,195.0,55.33785822021116,49.58521870286575,57.167420814479655,65.05128205128206,6.0
423,106.16610425696554,122.30559400892035,1327.2,72.66666666666667,77.5,1.0580973682216335,378.3333333333333,50.92476060191518,51.709986320109444,51.15549475604195,59.25307797537619,6.0
424,110.74513819881861,119.69552462522127,1994.3,102.33333333333333,105.66666666666667,1.0323153255211734,405.1666666666667,71.79166666666667,73.30347222222223,71.57708333333333,84.9861111111111,6.0
425,71.76978668694089,77.95607789440449,70.5,47.285714285714285,51.714285714285715,1.126002951766899,166.0,60.31534090909089,58.757102272727266,60.52698863636363,76.22443181818183,6.0
426,97.25369357638516,115.75420018449415,1315.8,74.125,78.75,1.0575919091427757,310.25,60.66548582995951,61.77226720647774,60.57287449392713,72.7925101214575,6.0
427,73.79722274086578,84.65921152553545,254.9,68.75,72.25,1.067084228232236,168.5,62.555335968379445,62.32411067193676,63.316205533596836,65.92885375494072,6.0
428,105.62269599621254,120.51070140266324,729.5,76.25,85.0,1.0817729392879318,404.25,53.3511396011396,57.71581196581196,52.52350427350427,60.057692307692314,6.0
429,25.74,25.26,343.3,23.0,25.0,1.0869565217391304,51.0,53.946745562130175,57.27218934911242,53.32248520710059,61.35502958579882,6.0
430,61.3758697514005,66.50239159766922,496.7,55.8,59.0,1.0580108620373303,145.0,57.95661846496107,64.11679644048944,56.75083426028921,64.1813125695217,6.0
431,88.89884090315871,79.68271600469788,1285.8,54.333333333333336,58.833333333333336,1.0786381110849848,208.33333333333334,76.48366013071895,86.03572984749455,74.84095860566448,76.54814814814814,6.0
432,133.25892076847876,138.5984300140197,1920.2,88.4,90.2,1.0229761493099268,355.2,55.62698412698412,72.54132457580734,51.15051997810618,62.29666119321293,6.0
433,102.12396972669012,95.64264633839775,3028.7,79.66666666666667,82.66666666666667,1.0324256113442976,270.1666666666667,73.7198649951784,71.13524590163935,74.88162970106076,85.02868852459017,6.0
434,101.14513653101426,93.09726250836316,3193.1,69.0,73.2,1.0619068494351613,267.2,68.70223214285714,66.21473214285714,69.79017857142857,79.98482142857142,6.0
435,106.39002722707818,86.22837639475448,3091.0,49.333333333333336,51.0,1.0366325036775599,347.1666666666667,64.23349436392914,61.21946169772257,65.44444444444444,75.37451115711985,6.0
436,98.7277375895415,94.67059119086689,2803.8,72.0,74.16666666666667,1.0313697222820446,335.0,68.67520703933748,68.06935817805383,69.24844720496894,80.20548654244307,6.0
437,116.04289913103521,101.46277920654627,3233.1,68.8,70.4,1.0337583487749773,434.0,75.79281135531136,74.37087912087912,76.81547619047619,85.84478021978022,6.0
438,87.38322219430441,95.19133061873978,731.0,67.28571428571429,70.42857142857143,1.0503166590288462,202.28571428571428,71.63846153846156,66.94475524475524,73.14685314685313,82.41328671328672,6.0
439,91.44922274713073,100.08754164929422,3121.7,87.0,89.0,1.023015873015873,230.0,73.54628362973097,74.6217510259918,73.70291837665299,83.76584587323302,6.0
440,65.27372567636064,67.28175675977572,669.5,48.80952380952381,51.857142857142854,1.0720954907331657,196.76190476190476,53.85094850948509,58.014905149051486,53.02168021680219,59.632791327913296,6.0
441,74.3828316013938,78.69509845349694,990.4,60.2,64.4,1.0622378559270098,191.8,60.84444444444445,63.08648648648649,60.479879879879874,70.62282282282283,6.0
442,93.57526459638174,94.32429723119893,4127.2,85.5,87.5,1.0228602329588175,238.25,85.97578909612625,85.91391678622668,86.52761836441894,97.21879483500717,6.0
443,76.88739299537956,81.22378254953456,559.8,69.66666666666667,71.66666666666667,1.0337911395810184,186.33333333333334,63.27991675338189,66.3309053069719,62.774193548387096,71.71696149843912,6.0
444,132.34685029276363,150.22058714764924,2188.9,91.75,97.83333333333333,1.0598671161029085,456.5,81.57850985221674,84.20474137931035,81.23552955665025,91.44550492610837,6.0
445,83.70152057553655,96.29388964513215,527.8,41.0,47.333333333333336,1.1687765414180509,331.0,33.085,31.802142857142858,33.51642857142857,40.630714285714284,6.0
446,122.56897412353224,111.65778585574036,1319.5,73.16666666666667,76.83333333333333,1.0538487339253624,419.3333333333333,56.65304347826088,56.19695652173913,57.135217391304344,65.21260869565218,6.0
447,92.34385978294875,99.92616857131453,1696.6,62.92307692307692,66.76923076923077,1.061623117008932,233.07692307692307,61.6251803751804,59.91161616161616,62.50829725829726,70.79184704184705,6.0
448,132.37725958890036,146.1256000563252,575.1,96.44444444444444,109.0,1.0826805059765432,378.1111111111111,91.32258064516131,94.28207885304661,91.04408602150536,100.00896057347668,6.0
449,70.16628643704667,75.28805665545428,294.4,47.142857142857146,50.0,1.082577436569033,260.57142857142856,57.12847222222222,55.12847222222222,58.24652777777778,62.61805555555555,6.0
450,104.56144111013134,104.47411194204832,832.6,55.6,60.4,1.1001830092197096,309.6,74.57100591715975,71.67209072978302,75.84220907297832,85.34418145956606,6.0
451,81.60771273833001,83.88515457672723,1141.9,73.22222222222223,75.77777777777777,1.0417799048729786,214.22222222222223,87.00822368421052,88.75986842105262,87.33662280701755,90.44188596491227,6.0
452,101.54777901292589,106.17208208116571,1681.8,81.7,86.1,1.0540735803539039,267.9,75.33786848072563,76.18820861678003,75.5374149659864,84.25774754346183,6.0
453,74.37789766809279,75.07332648124601,1214.3,62.0,63.888888888888886,1.0306404764711485,181.55555555555554,51.219523809523814,52.4947619047619,50.89380952380952,62.62619047619047,6.0
454,64.2119894864537,71.17124949454104,1.0,41.0,44.5,1.0432098765432098,115.5,0.11777777777777777,0.12555555555555556,0.11666666666666667,0.13666666666666666,6.0
455,48.62347912584648,50.237964358179475,551.1,43.5,45.0,1.0352301919215832,115.16666666666667,64.7119021134594,63.25917686318132,64.74972191323694,81.69744160177976,6.0
456,87.1438448094488,90.98789035736645,1781.1,71.16666666666667,74.16666666666667,1.0379653338841666,214.16666666666666,73.15999999999998,71.26063492063491,73.48603174603174,90.74444444444443,6.0
457,81.70657208157775,81.0561048789862,1851.5,59.666666666666664,62.166666666666664,1.0442004372264888,250.16666666666666,80.11463046757164,79.79600301659126,79.98453996983409,96.93702865761689,6.0
458,79.83008129591124,81.24325533205942,1413.6,61.625,65.25,1.0566319343151973,203.0,54.336744639376214,54.19639376218323,54.06578947368421,72.76754385964911,6.0
459,76.67818497412583,75.24908297078679,2158.9,57.36363636363637,60.54545454545455,1.0540678328710833,193.36363636363637,74.24326145552561,73.17419137466308,74.19845013477088,93.4430592991914,6.0
460,76.50496858134164,75.15452532131825,2158.9,57.36363636363637,60.63636363636363,1.0555341085309073,193.36363636363637,74.24326145552561,73.17419137466308,74.19845013477088,93.4430592991914,6.0
461,76.00849950783376,73.89256461721988,1992.5,55.63636363636363,58.81818181818182,1.054717984763964,191.27272727272728,64.1363794907569,62.35751656784096,64.4956400418556,80.28357167771188,6.0
462,83.2058401321248,81.47839380646579,2260.5,62.8,66.0,1.0478035675908015,268.6,64.75,63.587566137566135,64.90714285714286,80.48650793650793,6.0
463,85.68963401248693,88.38401980500322,1687.7,73.16666666666667,75.0,1.024596975319288,240.91666666666666,63.315086206896574,63.362931034482735,62.66637931034483,85.0353448275862,6.0
464,85.68083114334597,88.40192122074205,1687.7,73.16666666666667,75.0,1.024596975319288,240.91666666666666,63.315086206896574,63.362931034482735,62.66637931034483,85.0353448275862,6.0
465,97.336591146206,109.57502521215429,852.3,71.9375,77.4375,1.0993070532919471,314.75,49.25806451612903,48.938172043010766,49.3209677419355,61.109139784946244,6.0
466,93.85922135705763,115.97447817149381,1035.2,69.125,78.0,1.0933070038054034,303.375,67.4948914431673,67.84546615581098,67.1890166028097,83.65900383141762,6.0
467,93.5144952464718,88.3884889362047,1941.8,71.5,73.875,1.0347861989772702,227.125,80.50864197530865,81.94003527336861,80.78518518518518,88.28783068783069,6.0
468,93.85366909821416,88.427846290126,1941.8,71.125,73.75,1.0383338610117745,227.125,80.50864197530865,81.94003527336861,80.78518518518518,88.28783068783069,6.0
469,80.9306970879543,83.31610924059665,1514.2,62.7,64.6,1.0195211968282525,238.5,78.83454545454546,77.37227272727273,79.25590909090909,94.36772727272728,6.0
470,54.85758775881349,58.61896385993927,62.8,44.15384615384615,46.76923076923077,1.049030281293191,121.38461538461539,53.009803921568626,52.030392156862725,52.96764705882355,68.37745098039215,6.0
471,128.42332353581781,153.72143787793652,260.2,111.75,116.25,1.062337896850014,363.75,54.93761814744801,61.725897920604915,53.7296786389414,57.66918714555766,6.0
472,73.02134286940957,78.21273326063569,748.0,67.4,71.0,1.0486696220497986,182.4,54.7515873015873,55.00396825396825,54.76587301587303,66.5468253968254,6.0
473,78.1863816299623,83.97682032010641,282.6,62.5,65.83333333333333,1.0648327862613576,188.0,55.8677536231884,50.78623188405797,56.445652173913054,75.98913043478261,6.0
474,128.17212850387358,153.19188709295614,260.2,111.75,116.25,1.062337896850014,363.5,54.93761814744801,61.725897920604915,53.7296786389414,57.66918714555766,6.0
475,128.16570723699402,153.20424277805787,260.2,111.75,116.25,1.062337896850014,363.5,54.93761814744801,61.725897920604915,53.7296786389414,57.66918714555766,6.0
476,62.73775733581904,65.56426194229385,638.0,51.84615384615385,54.69230769230769,1.0559306669758701,154.30769230769232,60.90285714285714,59.83047619047621,61.73142857142856,68.72952380952381,6.0
477,0.0,0.0,0.0,0.0,0.0,0.0,0.0,0.0,0.0,0.0,0.0,6.0
478,37.34417722122716,40.70525766291541,551.0,30.666666666666668,33.0,1.073342670401494,84.66666666666667,46.25833333333333,44.959375,46.09479166666667,64.18020833333334,6.0
479,128.16305827287448,153.19961604446945,260.2,111.75,116.25,1.062337896850014,363.5,54.93761814744801,61.725897920604915,53.7296786389414,57.66918714555766,6.0
480,72.4355932233948,72.13583622627785,866.5,44.758620689655174,47.48275862068966,1.0672209326454372,283.1034482758621,51.731306990881436,51.79939209726444,51.65592705167175,64.97872340425532,6.0
481,128.18088879765455,153.19657650088362,260.2,111.75,116.25,1.062337896850014,363.75,54.93761814744801,61.725897920604915,53.7296786389414,57.66918714555766,6.0
482,128.4297078419911,153.49573673137687,260.2,112.25,116.75,1.0606693762715933,363.0,54.93761814744801,61.725897920604915,53.7296786389414,57.66918714555766,6.0
483,102.16180222131369,104.24882556569418,2354.3,84.66666666666667,88.16666666666667,1.044648858669187,268.3333333333333,62.630172413793105,60.61724137931035,64.4396551724138,64.62011494252873,6.0
484,117.1475676958043,120.7534406922091,1118.0,71.22222222222223,77.22222222222223,1.0869423442069308,312.3333333333333,59.80419580419581,61.28263403263405,59.38869463869464,73.41433566433567,6.0
485,117.14092759042175,120.75121842879874,1118.0,71.22222222222223,77.11111111111111,1.0862391093264805,312.3333333333333,59.80419580419581,61.28263403263405,59.38869463869464,73.41433566433567,6.0
486,48.050875648187095,52.15142824207513,1025.3,41.5,45.25,1.0912508544087491,106.0,72.62443181818182,80.11079545454545,70.63125,84.17670454545454,6.0
487,107.26978088472583,128.4074028650597,998.2,82.4,87.4,1.0653277389232345,352.6,53.62678571428571,56.91011904761905,53.45178571428571,58.23511904761905,6.0
488,152.58677701048632,139.54057510321897,260.2,99.5,108.0,1.0897538790797219,483.5,58.24007561436673,57.06427221172023,59.20793950850662,62.13421550094518,6.0
489,70.52146053159441,63.85971059274595,2552.1,50.0,51.5,1.029811924769908,164.0,58.814805327868854,58.38960040983606,59.08990778688525,71.01050204918033,6.0
490,85.7222385035601,86.8928943781358,1172.9,66.33333333333333,68.33333333333333,1.020911680911681,235.0,43.443939393939395,45.16161616161616,43.08989898989899,54.24040404040404,6.0
491,117.14092759042175,120.75121842879874,1118.0,71.22222222222223,77.11111111111111,1.0862391093264805,312.3333333333333,59.80419580419581,61.28263403263405,59.38869463869464,73.41433566433567,6.0
492,106.05933496533692,105.80990114874218,1320.8,83.5,87.83333333333333,1.0493764395114984,331.3333333333333,76.35367965367965,99.47186147186147,71.13160173160173,74.06666666666666,6.0
493,153.4825087822014,140.87410348360655,260.2,100.0,108.0,1.0867251928704444,484.5,58.24007561436673,57.06427221172023,59.20793950850662,62.13421550094518,6.0
494,94.02584828379686,87.28699095771893,3110.4,72.5,74.0,1.0183110367892976,246.0,70.79273897058823,68.23598345588235,72.05675551470588,80.20932904411765,6.0
495,69.48006342558732,77.1184544533976,1520.4,59.833333333333336,62.333333333333336,1.0391381917561338,166.5,76.67099567099568,75.98528138528138,77.24502164502165,86.43463203463203,6.0
496,106.28250312840835,129.88076841700868,594.3,90.66666666666667,95.66666666666667,1.0709770114942527,233.0,67.87163561076605,70.25983436853002,67.22670807453416,80.47101449275362,6.0
497,106.60241945545778,112.31406049883347,329.8,79.46153846153847,85.23076923076923,1.0658078741482075,296.15384615384613,50.937779990044795,50.55898456943753,51.072672971627675,64.47237431557986,6.0
498,85.76533046065104,88.54581717721675,1687.7,73.16666666666667,75.08333333333333,1.025693466547358,240.83333333333334,63.315086206896574,63.362931034482735,62.66637931034483,85.0353448275862,6.0
